Susan,Tolan,214-550-9655,"1085 Poco Mas Drive"
Homer,Green,817-300-0920,"275 Oliver Street"
Brenda,Ramirez,715-358-8852,"2121 Abner Road"
Lucy,Keller,660-233-8630,"4562 Fairmont Avenue"
Franklyn,Hernandez,507-303-4624,"3257 Rosewood Court"
William,Patnode,510-339-0017,"1096 Wayside Lane"
Judith,Johnson,540-933-5788,"3590 Brooklyn Street"
Lyle,Brown,920-467-9309,"2572 Sycamore Lake Road"
Kevin,Knott,703-247-9586,"3130 Lawman Avenue"
Paul,Dixon,212-500-9159,"1292 Godfrey Road"
Marcia,Robledo,985-318-3297,"4174 Bassel Street"
Adam,White,541-521-0225,"3328 Haymond Rocks Road"
Virginia,Stapleton,662-862-0654,"1985 Tanglewood Road"
Alice,Bloom,231-537-0102,"1546 Twin Oaks Drive"
Mildred,Jones,320-432-4192,"2051 Brighton Circle Road"
Joan,Vance,814-774-6523,"2236 Spadafore Drive"
Ricky,Wilson,201-988-9750,"1303 Northwest Boulevard"
Anthony,Sigmon,804-446-4496,"2823 Melody Lane"
Frances,Ross,724-774-9568,"1607 Platinum Drive"
Michael,Romero,562-467-6189,"279 Locust Court"
Gordon,Vidrine,318-719-3452,"4856 Emerson Road"
Williams,Harrison,231-592-7244,"4667 Rubaiyat Road"
David,Evans,850-345-5897,"389 Star Trek Drive"
Guadalupe,Ball,310-269-8474,"2707 Libby Street"
Patricia,Vidal,405-278-0239,"3375 Ottis Street"
Jerry,Smith,904-346-2025,"1760 Cherry Tree Drive"
Carlos,Furr,985-857-0453,"3928 Wood Street"
Janette,Burnett,423-534-4327,"675 Corbin Branch Road"
Joseph,Lee,704-759-5822,"60 Harry Place"
Larry,Shimizu,619-313-0282,"572 Ashcraft Court"
Ann,Wilkinson,808-693-0277,"3012 Indiana Avenue"
Larry,Belle,509-786-2994,"4742 Sun Valley Road"
Tony,Pierson,323-490-4940,"1450 Red Maple Drive"
David,Alvarez,260-527-2699,"479 Windy Ridge Road"
Andrew,Ofarrell,917-574-2989,"1393 Duncan Avenue"
Barbara,Love,615-865-5423,"3028 Buffalo Creek Road"
Robert,Hurd,402-791-3283,"1260 North Avenue"
Mark,Zachary,781-492-2448,"1950 Stanton Hollow Road"
Ruth,Gonzales,304-806-7693,"3610 Augusta Park"
Derek,Fletcher,559-520-8859,"4599 Chicago Avenue"
Geneva,Caudill,865-392-2998,"2618 Wiseman Street"
Roger,Bowler,952-491-1559,"1713 Oral Lake Road"
Joseph,Jones,801-939-6874,"3074 Buck Drive"
Rita,Dunkin,520-615-6808,"1343 Dogwood Lane"
Nelson,Kirsch,309-292-8978,"4865 Apple Lane"
John,Fitzpatrick,507-466-5741,"2184 Sugar Camp Road"
George,Blair,606-672-7180,"3172 Straford Park"
Marcus,Penny,317-558-4657,"424 Barfield Lane"
Carla,Bloom,801-347-5166,"2256 Walton Street"
Charles,Pfeffer,213-622-2818,"230 Canis Heights Drive"
Robert,Davis,703-399-0647,"2663 Golf Course Drive"
Joann,McGuinness,972-504-1766,"4014 Wilson Avenue"
Elijah,Rosario,401-423-4275,"249 Myra Street"
John,Todd,406-847-0636,"1238 Coolidge Street"
Xavier,Wiseman,858-576-6912,"2099 Pike Street"
Millie,Race,412-206-5487,"1499 Beechwood Drive"
Lindsey,Monroe,757-487-7081,"3527 Murry Street"
William,Osterman,703-583-0141,"1560 Cabell Avenue"
Mike,Carter,573-422-1237,"4632 Maple Court"
Kirstin,Craig,267-415-7073,"3106 Quincy Street"
Emma,Lo,214-481-4396,"3229 Poco Mas Drive"
James,Jeffries,507-848-2806,"2540 Pineview Drive"
Robert,Carter,510-872-7606,"353 Station Street"
Danny,Howington,601-712-5154,"3575 School House Road"
Doris,Farley,863-835-6737,"1656 Ethels Lane"
Barbara,Zimmerman,918-924-0917,"4456 Bridge Street"
Madeline,Conant,651-982-9436,"1129 Laurel Lee"
Danial,Ceron,660-784-0099,"4581 Oak Lane"
Barbara,Adams,660-479-9910,"3216 Blair Court"
William,Castro,614-394-8165,"1003 James Martin Circle"
Travis,Gaskins,419-880-3284,"2412 Upland Avenue"
William,Lonon,315-873-1762,"4864 Saint Marys Avenue"
Virginia,Tooley,928-754-7347,"3740 Martha Street"
Tiesha,Ramirez,603-249-8203,"4459 Shearwood Forest Drive"
Stephen,Kinder,323-971-2460,"2618 Felosa Drive"
Jessie,Haddock,909-213-9065,"4205 Fairfax Drive"
Vicki,Meier,704-988-2745,"2625 Holly Street"
Carlos,Yao,541-821-4944,"4040 Skinner Hollow Road"
Dawn,Ruiz,619-237-5967,"1794 Holden Street"
Lisa,Wilson,847-409-3327,"866 Johnstown Road"
Roy,Delgadillo,216-813-5180,"3322 Sunny Glen Lane"
Charles,Quintana,910-893-0451,"1032 Layman Avenue"
Jorge,Lawson,218-224-3808,"1430 Little Acres Lane"
Douglas,Kuehl,309-696-0003,"3167 Garfield Road"
Brian,West,858-472-2605,"1677 Pike Street"
Robert,Watson,318-255-8245,"3080 Roguski Road"
June,Blevins,586-871-4789,"1590 Reppert Coal Road"
Clara,Davidson,419-624-4862,"3509 Still Street"
Cynthia,Fulkerson,513-685-6360,"2070 Barnes Avenue"
Craig,Heintz,661-278-7116,"2052 Williams Avenue"
Jack,Shackelford,727-793-9221,"1719 County Line Road"
Linda,Reese,440-813-3371,"1259 Harley Vincent Drive"
Michael,Wells,801-485-9530,"2279 White River Way"
Florence,Nutter,405-555-6128,"3833 Hott Street"
John,Jenning,979-725-8654,"678 Colonial Drive"
Odessa,Bozeman,618-337-2267,"4494 Eagle Street"
Anthony,Bennett,702-548-9919,"3051 Hall Street"
Rafael,Tolentino,914-833-3597,"2190 Deans Lane"
Leona,Jenkins,630-660-7322,"1410 Steele Street"
Bobby,Bartlett,806-467-7113,"614 Charmaine Lane"
Jonathan,Tellez,479-212-9013,"1221 White Lane"
Daniel,Mayberry,615-303-6408,"3105 Frum Street"
Holly,Pierce,805-444-6220,"1751 Diane Street"
David,Holley,630-601-2319,"1908 Kembery Drive"
Thelma,Vanmeter,217-534-0013,"409 University Hill Road"
Jaime,Henry,847-303-8998,"4589 Dovetail Drive"
Martha,Jackson,602-687-4689,"551 Dogwood Road"
Courtney,Littlejohn,707-507-0181,"4997 Fairway Drive"
Sandra,Hufford,412-227-8252,"537 Beechwood Drive"
Phyllis,Rice,201-623-4944,"1282 Goldleaf Lane"
Amber,Wagner,812-343-6814,"670 Conaway Street"
Sophie,Ridley,954-730-6091,"3926 Foley Street"
Jared,Phillips,206-298-1052,"1695 Owagner Lane"
Dwayne,Middleton,618-932-0515,"2865 Davis Court"
Robert,Moser,985-405-3068,"4817 Bassel Street"
Louise,Jackson,231-355-4279,"932 Wetzel Lane"
Doreen,Nave,978-503-3907,"4217 Joanne Lane"
Delorse,Benton,978-960-3444,"2998 Russell Street"
Timothy,Fore,503-359-8046,"2504 Mattson Street"
Jeremy,Dawkins,405-680-7879,"4126 Hott Street"
Michael,Seltzer,562-214-4741,"1733 Pleasant Hill Road"
Robert,Ross,712-540-4952,"4898 Centennial Farm Road"
Maria,Whatley,979-922-4027,"2 Swick Hill Street"
Martha,Lusk,903-449-5760,"2778 Florence Street"
Sidney,Martinez,703-745-7528,"301 Perine Street"
Jonathon,Harris,301-983-8255,"4307 Lake Floyd Circle"
Angela,Walker,937-370-7689,"4045 College Avenue"
Alex,Copeland,530-422-7090,"4572 Riverwood Drive"
Thomas,Powell,859-492-6969,"4329 Black Stallion Road"
Sherry,Welsch,847-386-9252,"4705 Johnstown Road"
Terry,Pearson,765-498-6739,"1135 Sugarfoot Lane"
Jose,McDaniel,610-561-0979,"1385 Jody Road"
Kathleen,Nicks,303-901-1393,"4579 Roy Alley"
Sandra,Valerio,704-679-1057,"2258 Snyder Avenue"
Steven,Richardson,313-359-0074,"3025 Prudence Street"
Frankie,Halle,908-806-5155,"3305 Beechwood Avenue"
Kevin,Warren,409-788-0524,"1412 Lynn Ogden Lane"
Ronald,Taylor,907-443-1872,"2721 Blackwell Street"
Kelly,Queen,207-639-8574,"2021 Bloomfield Way"
Eugene,True,956-238-1840,"3920 Jerome Avenue"
Melissa,Ayers,314-953-6500,"2919 Ash Avenue"
Allen,Brown,573-495-4774,"3468 Oak Ridge Drive"
Mary,Morgan,501-542-1441,"122 Masonic Hill Road"
Maria,Hines,870-323-8031,"3210 Fittro Street"
Genevieve,Situ,989-478-9884,"581 Robinson Court"
Clara,Authement,858-351-7479,"1996 Hamill Avenue"
Randy,Hecker,408-210-3887,"1884 Hide A Way Road"
Andrew,Barth,636-294-2099,"846 Irving Place"
Lindsey,Shull,401-315-3190,"1706 Diamond Cove"
Robert,Payne,505-486-1256,"4852 Waterview Lane"
James,Steed,559-215-2744,"953 Center Street"
Sheila,Carl,949-631-5260,"444 Elk Street"
Ava,Bell,773-786-5239,"439 Point Street"
Rebecca,Wilson,435-940-9748,"3405 Lang Avenue"
Caleb,Chase,269-762-4706,"952 Echo Lane"
Hobert,Oldham,251-470-0057,"1226 Lonely Oak Drive"
Donna,Brooks,313-878-4642,"3311 Wildrose Lane"
John,Collins,804-716-4695,"3564 Fleming Way"
James,Melendez,270-293-5318,"4015 Broaddus Avenue"
Addie,Dobson,508-369-3956,"469 C Street"
Sally,Schermerhorn,724-734-0829,"1966 Platinum Drive"
Kaitlin,Atkin,407-427-2374,"4079 Ocala Street"
Nancy,Anderson,808-675-7191,"1338 Indiana Avenue"
Nora,Benge,513-759-6341,"2790 Round Table Drive"
Michael,Devitt,580-536-0269,"181 Cody Ridge Road"
Ann,Doctor,815-852-9741,"1377 Arthur Avenue"
Shannon,Williams,215-397-1232,"2148 Wakefield Street"
Matthew,Thompson,504-889-5003,"2162 Shadowmar Drive"
Verna,Gagnon,719-310-7877,"688 Clover Drive"
Waylon,Baylor,218-927-0031,"3748 Post Avenue"
Patrick,Louis,317-555-9549,"244 Barfield Lane"
Christine,Austin,253-565-2889,"4206 Horizon Circle"
Paula,Drake,574-329-1952,"3644 Villa Drive"
Ryan,Ellis,212-575-7153,"1684 Godfrey Road"
Christopher,Ortega,901-322-4812,"3755 Woodridge Lane"
Judith,Schrader,501-726-1312,"2448 Bassell Avenue"
Jim,Gonsalves,714-366-7596,"891 Maple Street"
Debra,Hoskin,478-934-7300,"4165 White Lane"
Olga,Smith,909-200-0749,"2082 Fairfax Drive"
Margret,Pearson,229-349-3639,"3672 Private Lane"
Tom,Gough,609-581-4293,"541 Moonlight Drive"
Bradley,Craddock,973-964-5085,"1310 Hudson Street"
Bradley,Grant,405-677-9015,"923 Hott Street"
Julie,Thomas,229-850-3108,"2280 Locust Street"
Lydia,Trapp,770-213-5371,"2329 Fowler Avenue"
Robert,Perry,904-464-1910,"3976 Arrowood Drive"
William,Hankins,763-745-6367,"3105 Raintree Boulevard"
Stanley,Woods,605-596-8007,"879 Ryan Road"
Edith,Robertson,631-231-6979,"2359 Clark Street"
Edith,Helton,650-808-2894,"4974 Duck Creek Road"
Zachary,Horner,408-960-2959,"4144 Sycamore Street"
Maris,Henderson,717-285-5920,"4798 Hidden Valley Road"
Jeremy,Gallegos,270-433-6023,"3474 Harper Street"
Brad,Tracy,989-435-3070,"4023 Robinson Court"
Patsy,Davis,435-496-0666,"3908 Austin Secret Lane"
Christopher,Portis,814-265-2662,"3067 Collins Street"
Andrew,Perez,479-638-9231,"2061 Midway Road"
Nancy,Bishop,512-297-4221,"1906 Sundown Lane"
Verena,Young,717-964-3795,"3975 Simpson Avenue"
Theo,Diaz,305-702-3463,"56 Steve Hunt Road"
Irene,Hays,636-243-5669,"243 Irving Place"
Natasha,Carr,912-462-8885,"917 Lilac Lane"
Alfred,Patterson,940-228-3722,"3538 Boggess Street"
Lisa,Lehman,214-351-8758,"535 Ersel Street"
Margie,Murray,413-893-0799,"1394 Trouser Leg Road"
Roy,O'Connor,703-762-0684,"4665 Perine Street"
Erik,Hight,518-430-8720,"3804 Hardesty Street"
Chuck,Hughes,206-240-3927,"466 Owagner Lane"
John,Richard,732-722-0552,"2528 Duke Lane"
Susan,Mabry,312-821-7139,"1271 Tator Patch Road"
Ruth,Leger,410-282-1364,"1814 Blue Spruce Lane"
Richard,Eddy,413-849-2393,"374 Trouser Leg Road"
Henry,McLean,417-860-3324,"4924 Briarwood Road"
Lydia,Klinger,913-209-7914,"3475 Better Street"
Russell,Lish,832-640-1501,"3430 Werninger Street"
Thomas,Gonzalez,520-770-9764,"1201 Dogwood Lane"
Sherika,Ramirez,727-243-3749,"1654 Badger Pond Lane"
Kenneth,Joiner,979-265-6720,"4029 Fannie Street"
Steven,Genovese,812-897-2328,"2513 Bernardo Street"
Tara,Diehl,309-276-5547,"880 Apple Lane"
Vernon,Gordon,404-347-9672,"3452 College Street"
Joan,Pelton,540-288-1293,"1142 Hurry Street"
Sherry,Isaac,601-615-5462,"3864 Walnut Street"
James,Cantor,773-267-5003,"1695 Oakmound Road"
George,Jacobs,760-765-6311,"135 Coleman Avenue"
Vesta,Peters,701-464-6608,"3697 Courtright Street"
Betty,Hernandez,817-648-6680,"2264 Sardis Sta"
Gwendolyn,Husby,219-983-3119,"2130 Jadewood Drive"
Mikel,Jones,802-906-7171,"547 Marion Street"
Doris,Robinson,228-897-7127,"1049 O Conner Street"
Marjorie,Shiffer,248-256-8316,"3439 Tennessee Avenue"
Janice,Smith,405-368-9432,"2599 Ottis Street"
Mary,Soler,636-248-9381,"825 Irving Place"
Michael,Moore,616-464-6908,"2358 Howard Street"
John,Moore,864-898-0039,"52 Brown Avenue"
Duane,Walker,415-354-7093,"3394 Delaware Avenue"
Shannon,Bui,210-213-3052,"4841 Freshour Circle"
Evelyn,Hooper,979-476-5167,"807 Adams Drive"
John,Bourgeois,339-814-3164,"2674 Hillside Drive"
Andrew,Olson,269-729-2721,"4616 Echo Lane"
Sara,Casarez,850-406-6788,"1327 Star Trek Drive"
Gabriel,McFadden,719-941-7844,"2943 Snider Street"
Nicholas,Chavez,718-376-3978,"4127 Pride Avenue"
Oscar,Jack,917-507-8843,"4604 Geneva Street"
Lisa,Page,717-927-1523,"4132 Simpson Avenue"
Robert,Greenhalgh,734-448-6189,"3877 Charles Street"
Kimberly,Carter,713-831-5824,"315 Michael Street"
Dante,Ziegler,603-736-8004,"4846 Milford Street"
Agustin,Strong,910-826-6655,"4755 Armory Road"
Jeanette,Culver,304-277-7744,"2788 Froe Street"
James,Wilber,734-971-3728,"3370 Bombardier Way"
Barbara,Farney,616-604-0480,"1295 West Street"
Rebecca,Smartt,615-835-4617,"900 Buffalo Creek Road"
Judith,Todd,336-785-9335,"954 Jones Avenue"
Willie,Clem,212-271-0420,"3993 Bell Street"
Olga,Paez,517-455-9472,"4355 Elk Avenue"
Lucille,King,734-572-2557,"4320 Daylene Drive"
Shannon,Carson,718-726-3210,"4012 Anmoore Road"
Brian,Watt,337-642-1278,"4448 Bridge Avenue"
Ina,Joyce,510-438-6900,"1220 Thompson Drive"
Paul,Gagne,802-813-1822,"377 Hardman Road"
Eric,Benfer,315-845-2627,"864 Saint Marys Avenue"
Hyon,Jones,757-329-6782,"2341 Pinchelone Street"
Stephen,Otterson,206-652-9838,"472 Union Street"
Luis,Matsuda,828-736-1400,"2601 Goosetown Drive"
Deborah,Perkins,917-461-6501,"2190 Geneva Street"
Kesha,Knox,619-420-3432,"418 Ashcraft Court"
Mary,Melton,701-944-1539,"125 Findley Avenue"
Carrie,Fernandez,479-789-9907,"4827 Cambridge Court"
Matthew,Torres,630-802-2536,"4773 Millbrook Road"
Carlos,Christianson,314-680-9585,"2468 Hawks Nest Lane"
James,Putt,404-899-2889,"3374 Stroop Hill Road"
Shelby,Bowman,678-788-9132,"3317 Edington Drive"
Alice,Patel,907-454-7047,"4611 Blackwell Street"
Antonio,Sims,256-398-6411,"3558 Turnpike Drive"
Katrina,Mitchell,218-587-7474,"2627 Terra Cotta Street"
Fred,Willard,616-825-5674,"2517 Kimberly Way"
Larry,Keller,646-708-3156,"1393 Cantebury Drive"
Kelly,Jones,360-968-2872,"2404 Pratt Avenue"
Charles,Mack,727-591-9195,"882 Maryland Avenue"
Antony,Parmer,330-991-7771,"647 Horner Street"
Paul,Graham,203-468-3913,"2697 Cook Hill Road"
Margret,Thomas,504-541-2342,"576 Big Indian"
Denise,Hill,706-557-9786,"2571 Hart Country Lane"
Ronald,Guillemette,815-695-9290,"4735 Spinnaker Lane"
Christine,Waterman,615-245-9711,"4264 Andell Road"
David,McCray,573-754-6090,"2950 Mandan Road"
Karen,Murray,707-682-6653,"3602 Davis Avenue"
Betty,Rhodes,440-240-5085,"4800 Ralph Drive"
Benjamin,Gonzalez,918-843-1934,"1594 Bridge Street"
Julie,Gillespie,913-757-0117,"172 Charter Street"
Christina,Palmer,973-525-1819,"836 Granville Lane"
Patricia,Embry,702-414-2879,"3613 Mesa Drive"
Barry,Nguyen,828-303-0095,"2060 McVaney Road"
Susan,Perez,561-670-7984,"232 Powder House Road"
Gary,Martinez,704-876-0361,"3201 Kelly Street"
Karolyn,Hernandez,913-317-9950,"3873 Better Street"
Israel,Newton,760-403-7837,"3846 Carriage Court"
Henry,Warren,330-553-6258,"4750 Little Street"
Jerry,Valenzuela,301-313-2597,"137 Flanigan Oaks Drive"
Lois,Kimball,270-893-4805,"3229 Crosswind Drive"
Lloyd,Anderson,903-746-3227,"596 Hall Place"
Nathaniel,Young,901-522-7147,"2812 Lightning Point Drive"
Pearl,Hallett,626-473-0686,"898 Woodstock Drive"
Lori,Coleman,401-214-2211,"2940 Melm Street"
Nathan,Simms,775-202-1585,"631 Rockford Road"
Cheryl,Beeler,304-472-9221,"1918 Fulton Street"
Norma,Price,513-387-0760,"4550 Goldie Lane"
Wade,Jasinski,610-348-7844,"4766 Stone Lane"
Robert,Morrison,903-244-1651,"692 Gladwell Street"
Dana,Infante,701-578-2236,"2972 Courtright Street"
Lakeisha,Goodson,409-720-7297,"3416 Burwell Heights Road"
Anita,Schrantz,443-316-3153,"1059 Five Points"
Patricia,Hosking,561-535-7566,"382 Wyatt Street"
Michael,Evan,831-263-8792,"3269 Ventura Drive"
Joe,Dubuc,775-355-4181,"492 Camden Street"
Faith,Hendon,808-935-5411,"4350 Randall Drive"
Timothy,Shannon,727-591-3995,"3831 Maryland Avenue"
Jason,Greeley,919-408-2944,"3903 Dola Mine Road"
Gina,Harper,601-623-4770,"4051 Walnut Street"
Terrell,Shuttleworth,210-494-5893,"3746 Todds Lane"
Thomas,Hallmark,908-668-3315,"738 Hedge Street"
Beth,McCartney,903-565-1697,"4873 Thrash Trail"
Laurie,Stevenson,979-827-2332,"3427 Colonial Drive"
Jimmy,Murphy,914-467-5659,"2646 Mount Tabor"
Carmen,Vanhoose,217-879-7793,"3537 Little Acres Lane"
Jason,Ayala,985-509-1674,"3147 Bassel Street"
Harold,Daniels,409-982-4589,"3023 Hamilton Drive"
Mary,Anderson,843-369-4882,"881 Kessla Way"
Peggy,Chase,631-598-7678,"740 Abia Martin Drive"
John,Connolly,708-863-7480,"4784 John Calvin Drive"
Kari,Pounds,530-263-1953,"4762 Francis Mine"
Myrtle,Baker,912-248-9201,"2854 Austin Avenue"
Donald,Roberson,205-752-1550,"2743 Petunia Way"
James,Nowicki,248-499-3286,"3356 Bartlett Avenue"
Joey,Johnson,305-237-4358,"2643 Agriculture Lane"
Joseph,Andersen,812-586-0314,"4870 Neville Street"
Tammie,Martinez,218-476-6899,"1531 Ferrell Street"
Monika,Beers,352-343-9062,"2436 Rhapsody Street"
Robin,Wickham,208-922-1055,"2063 Maple Avenue"
Patricia,Maddox,701-388-8698,"1871 Walnut Drive"
Dustin,Crutcher,310-454-0541,"4198 Armbrester Drive"
Paul,Clayton,208-538-9676,"1090 Science Center Drive"
James,Lane,402-607-5514,"4215 Commerce Boulevard"
Charles,Hefley,718-992-3693,"1828 Lady Bug Drive"
Eli,Regis,772-344-1626,"4817 Elkview Drive"
John,Rosales,925-886-5304,"2234 Beech Street"
Mathew,Lopez,337-828-6977,"595 Bridge Avenue"
Charles,Pauley,228-549-8070,"1801 Kelley Road"
Domingo,Bogle,817-283-6864,"4796 Oliver Street"
Shirley,Council,314-489-8595,"3931 Cottrill Lane"
Paul,Victoria,203-486-6108,"1386 Cook Hill Road"
Lou,Johnson,859-762-3975,"3148 Mayo Street"
Teresa,Kramer,631-843-1968,"25 Grove Street"
Randall,Wilson,734-717-0350,"4597 Eagle Drive"
Art,Field,864-847-1529,"1948 Pooh Bear Lane"
Enrique,Johnson,815-737-2147,"2978 Spinnaker Lane"
Philip,Leslie,585-213-4481,"4734 Caldwell Road"
Joshua,Bledsoe,781-876-9902,"2951 Hillcrest Avenue"
Elvin,Whitley,212-678-7185,"3023 Oakwood Avenue"
James,Franco,361-545-1122,"3061 Glenview Drive"
Barry,Lint,662-707-5904,"756 Rafe Lane"
Sierra,Weeks,816-738-2256,"4650 White Oak Drive"
Kristin,West,518-454-8926,"2707 Hardesty Street"
Elias,Festa,303-503-5191,"841 Scheuvront Drive"
Jean,Wright,408-821-7132,"4014 Black Oak Hollow Road"
Robin,Ramirez,979-525-5223,"3029 Adams Drive"
Roy,Earl,773-673-2115,"2776 Vesta Drive"
Regina,Oliver,610-889-2555,"4290 Filbert Street"
Gloria,Aldridge,508-815-6235,"1174 Smith Street"
Milton,Joubert,801-885-3527,"3274 Kemper Lane"
Brian,Lee,727-841-1782,"67 County Line Road"
Wanda,Metts,563-555-2312,"609 Summit Street"
Monica,Dean,401-234-0180,"646 Melm Street"
Betty,Turner,203-237-7184,"1876 Colony Street"
Sara,Brito,724-878-2943,"3120 Spruce Drive"
Alvin,Masterson,814-386-5015,"1698 Coal Street"
Joseph,Carter,901-547-2670,"2826 Lightning Point Drive"
Shannon,Clutter,541-758-9391,"2482 Buena Vista Avenue"
Kimiko,Lilly,702-290-7562,"3409 Hiney Road"
Robert,Carlile,626-480-7394,"310 Woodstock Drive"
Kenneth,Young,515-720-9364,"3762 Nutters Barn Lane"
Valerie,Carson,505-586-4091,"3872 Bird Street"
Eve,Pelham,409-866-6028,"4977 Lynn Ogden Lane"
Angela,Coble,570-619-3196,"3187 Coal Road"
Earle,Smith,262-494-4922,"1596 Whaley Lane"
Wanda,Madden,303-814-6590,"2763 McKinley Avenue"
Diane,Mathews,765-241-9300,"4817 Raintree Boulevard"
Irene,Johnson,808-527-0049,"4190 Arron Smith Drive"
Curtis,Woodard,216-368-5948,"1972 Glenwood Avenue"
Janet,Walsh,609-920-6026,"3908 Whiteman Street"
Janice,Holland,704-834-5168,"3825 Harry Place"
Miriam,Major,480-466-3212,"934 Hillside Street"
Thomas,Johnson,423-596-1966,"4180 Raver Croft Drive"
Linda,Stull,401-862-3494,"337 Bond Street"
Sam,Goddard,262-317-5223,"2258 Oakridge Farm Lane"
Carol,Carpenter,718-782-1599,"3420 Anmoore Road"
William,Taylor,302-342-6491,"971 Argonne Street"
Richard,Hubbard,414-265-8400,"3331 Johnny Lane"
Gregory,Dry,484-498-5210,"2194 Franklee Lane"
Marie,Gorman,714-807-6298,"4651 Sunny Day Drive"
Beth,Gibson,281-603-6622,"1498 Chapel Street"
Thomas,Walker,906-864-2000,"1257 Pinewood Avenue"
Arthur,Lees,443-419-3188,"2777 Calvin Street"
Rachel,Bryant,580-571-7676,"1644 Simpson Square"
Barbara,Baker,972-564-4277,"4070 Worthington Drive"
Amy,Hill,850-335-3822,"4864 Star Trek Drive"
Billy,Creech,703-593-1118,"2833 Cabell Avenue"
Jason,Webster,651-717-1021,"3434 Laurel Lee"
Marcus,Medeiros,563-423-5628,"2020 Summit Street"
Kevin,Forest,316-729-8997,"926 Henery Street"
Tomas,Garza,479-518-2454,"1087 Midway Road"
Andrew,Vera,313-520-9502,"2735 Woodbridge Lane"
Jose,Mercer,636-236-7637,"4520 Irving Place"
Carol,Reid,413-737-1568,"2200 Hilltop Street"
Rebecca,White,937-431-8354,"2038 College Avenue"
Joan,Anzalone,904-727-2660,"2556 Brannon Avenue"
Anna,Longoria,901-737-3499,"2758 Burton Avenue"
Angelina,Mack,706-524-5881,"1666 Limer Street"
Maurice,Shoemaker,360-904-6815,"937 Pratt Avenue"
Mark,Brown,419-487-7436,"2957 Cedarstone Drive"
Angela,Peterson,949-376-0969,"3994 Oakwood Circle"
Patricia,Bell,813-567-9596,"2298 Saints Alley"
James,Rentschler,270-430-6901,"1749 Harper Street"
Rosalie,Gerhardt,920-226-9185,"4320 Rockford Mountain Lane"
Jennifer,Phelan,507-776-6321,"2370 Trymore Road"
Judith,Esters,612-873-5474,"3415 Rocket Drive"
Clare,Burkhart,202-828-1539,"3648 Massachusetts Avenue"
Andrew,Caison,765-447-3815,"4458 Sugarfoot Lane"
Esther,Gardin,601-954-9510,"3735 Washington Avenue"
Kevin,Harris,925-439-0768,"1315 Park Street"
Michael,Jernigan,270-898-6467,"3071 Crosswind Drive"
Anthony,Foster,301-353-5779,"3006 Flanigan Oaks Drive"
Barbara,Price,507-290-5219,"4827 Rosewood Court"
Ana,Franklin,478-237-3323,"1348 Oakridge Lane"
Bertha,Alexander,540-507-9857,"1111 Jehovah Drive"
Justin,Bonner,309-277-4890,"1208 Apple Lane"
John,Barnes,430-978-0767,"2354 Scenicview Drive"
Katelyn,Jones,217-269-1126,"580 Cardinal Lane"
Terence,Archie,404-248-7023,"1783 Post Farm Road"
Byron,Reeves,662-833-0540,"550 Tanglewood Road"
Thomas,Kiefer,701-538-7607,"2495 Courtright Street"
Ione,Macdonald,740-924-0776,"1504 Old House Drive"
Erica,Guzman,989-378-8775,"4810 Hart Ridge Road"
Kathryn,Harkey,386-624-6137,"1987 Spirit Drive"
Audrey,Lane,804-306-6779,"3571 Coulter Lane"
Arthur,Strange,630-745-1604,"4602 Millbrook Road"
Melanie,Greenfield,224-355-2808,"1001 Jadewood Drive"
Kari,Siegel,305-205-7490,"3146 Agriculture Lane"
Irene,Snider,563-823-4438,"1172 Langtown Road"
Carrie,Garcia,754-224-3371,"1354 Kildeer Drive"
Karen,Yerger,956-927-3585,"4326 Carolina Avenue"
Stanley,Wilson,207-721-2667,"2098 Fantages Way"
Tammy,Jurgens,662-464-5275,"3324 Mcwhorter Road"
Nicole,Boone,910-667-2252,"3919 Armory Road"
Jennifer,Herrera,501-417-9069,"2646 Mulberry Avenue"
Ned,Mitchell,586-801-1940,"1954 Ritter Avenue"
Norman,Morris,484-315-1583,"337 Renwick Drive"
Raymond,Rubio,602-518-9129,"4942 Coplin Avenue"
Carl,Cole,972-855-2426,"3975 Ash Street"
Susan,Dewoody,815-503-1174,"2103 Braxton Street"
Bradley,Cox,712-278-4459,"3417 Woodland Drive"
Marisa,Crabtree,724-386-1164,"533 Stuart Street"
Sharon,Hermanson,212-201-4422,"1913 Bell Street"
Karen,Randall,815-492-6876,"3773 Braxton Street"
Cecilia,Yates,229-895-9058,"4559 Locust Street"
Faye,Rhodes,407-498-3247,"4661 Linden Avenue"
Diane,Beeson,832-372-9998,"4075 Wines Lane"
Lynette,Cannon,802-475-1751,"4144 Duff Avenue"
Mattie,Henkle,480-922-1867,"442 Elmwood Avenue"
Adam,Langston,703-221-9996,"802 Lawman Avenue"
Gilbert,Warner,970-225-6060,"770 Carolina Avenue"
Allen,Smallwood,303-875-6532,"3260 Roy Alley"
James,Elsberry,206-484-1724,"4235 University Street"
Selma,Tincher,731-944-4680,"3493 Pooz Street"
William,Anderson,812-223-9614,"4015 Charack Road"
Vivian,Rivera,212-404-5137,"3441 Angus Road"
Anthony,Schipper,360-721-2727,"1819 Pinnickinick Street"
Sheryl,Gatlin,269-256-7611,"4747 Garrett Street"
Kesha,Claassen,949-287-7758,"2019 Oakwood Circle"
Doris,Alva,718-804-6026,"2364 Anmoore Road"
Mary,Pounds,615-655-6224,"1465 Hidden Pond Road"
Kenneth,Campbell,773-334-6955,"3347 Oakmound Drive"
Jeffrey,Ward,423-559-3173,"2908 Raver Croft Drive"
Richard,Matthies,801-620-6635,"1145 Tori Lane"
Oscar,Carlton,770-963-8094,"4580 Smith Road"
Amy,Nolan,330-610-7319,"2196 Little Street"
Fred,Weston,530-845-7851,"2149 Byers Lane"
Eva,Davis,708-254-6937,"3681 Rose Street"
Stanley,Vasquez,517-519-0723,"3371 Elk Avenue"
Elizabeth,Joy,870-339-9260,"1784 Fittro Street"
Daniel,Jones,832-816-6444,"2702 Werninger Street"
Martin,Austin,606-499-4025,"1517 Meadowcrest Lane"
Robert,Huber,304-686-5831,"4716 Hall Valley Drive"
Elizabeth,Long,412-651-0724,"3825 Losh Lane"
Christopher,Thompson,682-559-4840,"536 Sycamore Circle"
Michael,Farley,802-584-0725,"736 Selah Way"
William,Nunez,856-492-9769,"4219 Briarwood Drive"
Corey,Torres,503-326-8938,"503 Gateway Road"
Rose,Rodriguez,270-237-0544,"1577 Broaddus Avenue"
Marie,Jones,803-519-6973,"880 Java Lane"
Laura,Johnson,318-367-1417,"3827 August Lane"
Gerald,Marciano,616-534-5075,"4062 Howard Street"
Kristina,Ta,228-225-1552,"1279 Coventry Court"
Theresa,Mann,973-855-9724,"4779 Hilltop Haven Drive"
Dianna,Oliver,706-846-5958,"3631 Riverside Drive"
Maggie,Ozuna,814-362-9474,"834 Coal Street"
Natalie,Cook,317-270-4592,"2822 Crestview Manor"
Joseph,Huss,606-589-0378,"3215 Straford Park"
Barbara,Stella,650-988-5927,"814 Haul Road"
Martha,Aguiar,718-520-9039,"1779 Longview Avenue"
Lillian,Minton,724-579-2470,"4510 Shinn Avenue"
Tabitha,Garner,501-590-0139,"1503 Masonic Hill Road"
Patrick,Williams,859-625-7430,"4976 Mayo Street"
Helen,Gonzales,917-331-2761,"3164 Bicetown Road"
Catherine,Pothier,912-832-4286,"4761 Yorkie Lane"
Antonio,Peterson,908-899-6787,"3867 Fairfax Drive"
Elizabeth,Merritt,845-380-8756,"3148 Benedum Drive"
Cherie,Wickham,240-261-7000,"3627 Wilmar Farm Road"
Michael,Evans,561-454-5630,"998 Wyatt Street"
Ricardo,Kelsey,601-300-8904,"4606 Gorby Lane"
Holly,Vargas,505-978-1309,"4657 Westfall Avenue"
Dorothy,Garcia,704-205-4274,"959 Broadcast Drive"
Randall,Lopez,828-593-2166,"1850 Goosetown Drive"
Charles,Kosinski,617-763-9300,"890 Valley View Drive"
Julie,Short,916-624-5396,"3393 Highland View Drive"
Mei,Coburn,434-610-5534,"780 Queens Lane"
Helen,Bove,985-221-6720,"462 Swick Hill Street"
Joseph,Chung,414-531-9774,"3012 Grant View Drive"
Jesse,Carney,330-465-8614,"1392 Rainbow Drive"
Jonathan,Gamez,816-688-6671,"2371 White Oak Drive"
Anna,Wright,920-606-9463,"787 Tail Ends Road"
Ruth,Isenberg,831-637-0079,"1778 Emily Renzelli Boulevard"
Lucy,Andrews,903-954-9488,"1992 Alpha Avenue"
David,Ramos,985-575-5172,"4952 Woodland Avenue"
Jose,Leeper,404-631-8668,"2406 Junior Avenue"
Virginia,Burks,336-793-0063,"1232 Jones Avenue"
Franklin,Baldwin,702-368-7982,"634 Mesa Drive"
Arie,Anderson,740-794-0574,"1014 Viking Drive"
Jonnie,Ward,719-940-7374,"2879 Snider Street"
Margaret,Lane,504-486-0478,"1361 Paul Wayne Haggerty Road"
Fletcher,Webb,208-778-5814,"351 Seltice Way"
Jorge,Matta,973-814-1718,"2705 Hilltop Haven Drive"
Patricia,Blackmon,402-229-7027,"4148 Crummit Lane"
Patrick,Weathers,678-874-8316,"1755 Mount Olive Road"
William,Baker,305-872-7115,"529 Arbutus Drive"
Michael,Madera,650-553-8907,"2110 Thunder Road"
Grant,Gonzalez,214-621-6521,"3775 Romines Mill Road"
Maria,Lloyd,650-378-6722,"49 Wolf Pen Road"
Daniel,Ferranti,858-521-4682,"4499 Pike Street"
Wendy,Diaz,972-603-9988,"4391 Worthington Drive"
James,Foster,336-369-9453,"2110 Havanna Street"
Kelli,Holden,270-533-1153,"1231 Harper Street"
Melissa,Campbell,703-322-0259,"3892 Golf Course Drive"
Raymundo,Jones,315-261-1931,"1451 Gandy Street"
Joshua,Aylward,765-575-8819,"1126 Capitol Avenue"
Samantha,Radtke,956-365-6358,"597 Jerome Avenue"
Ryan,Matthies,402-346-5234,"3927 Poling Farm Road"
Ryan,Campbell,646-696-6045,"2117 Cantebury Drive"
Theresa,Menke,318-353-1259,"2120 Roguski Road"
Adam,Haddock,802-216-0285,"895 Buck Drive"
John,Roger,904-737-9301,"1487 Brannon Avenue"
Henry,King,319-494-6677,"4946 Pyramid Valley Road"
Brent,Martin,757-362-7113,"847 Pinchelone Street"
Dorothea,Lanning,909-561-7001,"318 Gordon Street"
Shelley,East,864-349-2285,"973 Deer Haven Drive"
Wendy,Castro,317-874-2657,"1640 Birch Street"
Nikki,Bryant,559-692-9687,"167 Heritage Road"
Steve,Reisinger,508-495-7002,"220 Ferguson Street"
Joanne,Bullard,908-670-9817,"1445 Hedge Street"
Yvette,Merrick,251-234-6029,"4638 George Avenue"
Joel,Piper,217-609-7918,"1990 University Hill Road"
Andrew,Bradley,814-896-2923,"2490 Custer Street"
Annmarie,Miller,718-823-7223,"457 Patterson Road"
Thomas,McAleer,661-932-7033,"4534 Gateway Avenue"
Brian,Farmer,443-628-1439,"4842 Hewes Avenue"
Reba,Jackson,917-520-1877,"3418 Geneva Street"
Shelby,Dykema,817-909-6510,"4000 Baker Avenue"
Christopher,Doolittle,443-920-9079,"1905 Hickory Heights Drive"
Christopher,Bennett,817-335-3534,"2001 Oliver Street"
Martha,Murray,501-580-5405,"2809 Masonic Hill Road"
Brenda,Smith,714-874-6778,"3283 Sunny Day Drive"
Sharon,Mullen,503-218-9547,"2103 Karen Lane"
Dawn,Thomas,760-231-2291,"1181 Tenmile"
Elsie,Stone,904-215-2748,"4755 Alpha Avenue"
Rafaela,Elkins,717-449-0465,"4152 Saint James Drive"
Melissa,Peterson,336-362-0155,"1995 Havanna Street"
Karen,McClellan,913-686-9809,"4928 Charter Street"
Stephen,Killingsworth,910-467-9249,"3902 Twin Willow Lane"
Judith,Witham,928-550-2999,"4216 Skips Lane"
Yvette,Jones,248-437-2363,"3962 Corpening Drive"
Concetta,Winn,802-223-7635,"3576 Buck Drive"
Shannon,McClain,978-553-3330,"553 Huntz Lane"
Arlene,Braunstein,508-542-4404,"150 Kovar Road"
Jacob,Glaude,641-648-4909,"871 Park Boulevard"
Helen,Kelly,480-835-8279,"3901 Elmwood Avenue"
Therese,Jepson,281-638-5342,"1470 Chapel Street"
Sherry,Ortega,541-259-9717,"93 New Street"
Nancy,Shiflett,404-324-5673,"3339 College Street"
Tiffany,Cann,410-427-8689,"4552 Columbia Boulevard"
Guillermina,Gibbs,336-767-3332,"1455 Jones Avenue"
William,Kent,559-792-3926,"2712 Heritage Road"
Mike,Roque,718-221-7219,"3392 Alfred Drive"
Jessica,Blaze,850-894-6567,"2330 American Drive"
Diana,Reed,856-912-1453,"3239 Valley Street"
Jeanette,Lange,602-353-3024,"2844 Burnside Court"
Donna,Harry,678-734-2911,"760 Kuhl Avenue"
Dennis,Spurlock,303-751-1241,"64 McKinley Avenue"
Edwin,Hutton,718-373-9451,"2130 Pride Avenue"
Leslie,Garzon,970-898-5337,"2784 Stark Hollow Road"
Robert,Ashley,309-276-6892,"920 Apple Lane"
Charles,Tobin,843-709-5159,"434 Broadway Street"
Michael,Perkins,708-626-6107,"4140 Star Route"
Charlene,Martin,765-747-6569,"4035 Winifred Way"
Catherine,Schmitz,973-482-2816,"3577 Granville Lane"
Kirk,Perez,512-934-7449,"633 Short Street"
Jordon,Spence,314-298-6062,"436 Bruce Street"
Tina,Reid,270-934-2855,"3818 Shady Pines Drive"
Bobby,Caron,425-392-7017,"2945 Conifer Drive"
Ashley,Shepherd,828-581-6248,"713 Diamond Street"
Sheryl,Hall,218-259-4857,"355 Ashmor Drive"
Robert,Ferguson,504-758-2193,"3093 Shadowmar Drive"
Ryan,Cooke,908-910-0084,"2442 Fairfax Drive"
Harold,Harman,717-795-0111,"2333 Aaron Smith Drive"
Terrence,Wegner,334-281-7002,"1773 Willow Greene Drive"
Carol,Sanchez,213-355-5705,"142 Brannon Street"
David,Jolly,920-878-5902,"890 Reeves Street"
Louis,Ortez,620-781-6171,"1092 Ridge Road"
Clifford,Davidson,573-724-8149,"3135 John Daniel Drive"
Tonya,Bailey,904-370-7502,"1326 Cherry Tree Drive"
Cory,Johnson,904-386-5344,"3738 Cherry Tree Drive"
Stacy,Allgood,214-257-3230,"2015 Fancher Drive"
Dale,Granger,603-528-5441,"3868 Elliott Street"
Mary,Bianco,937-346-5034,"3502 Pursglove Court"
Charlie,Brown,323-865-6681,"3977 Hillhaven Drive"
Penny,Adams,413-418-9027,"10 Leverton Cove Road"
Lenora,Miller,201-514-8349,"4054 Walnut Avenue"
Chance,Ward,205-350-6424,"3053 Brookside Drive"
Robert,Griffin,760-266-4208,"2147 Parkway Street"
Ronald,Martin,315-420-7299,"4159 Buckhannan Avenue"
Dale,Jacobs,573-583-9603,"4558 Oak Ridge Drive"
Blythe,Clark,631-929-8059,"477 Fieldcrest Road"
James,Henry,708-843-4048,"3674 John Calvin Drive"
Brian,Little,660-242-6041,"3111 Fairmont Avenue"
Tiffiny,Fernandez,203-245-7988,"2354 Colony Street"
Donald,Price,716-541-9866,"2096 Nuzum Court"
Debra,Shields,813-746-8135,"1166 Saints Alley"
Beverly,Logsdon,863-289-1836,"4969 Tetrick Road"
Thalia,Mosher,501-327-1730,"296 Mulberry Avenue"
Laura,Loden,310-238-2372,"1223 Libby Street"
Miguel,Payne,772-377-6956,"706 Elkview Drive"
Maureen,Pedrosa,402-389-5784,"1837 Poling Farm Road"
Ida,Schurman,509-762-7509,"2949 Sun Valley Road"
Mary,Hiatt,858-810-9032,"3214 Hood Avenue"
John,Strohl,207-504-5303,"3251 Victoria Court"
Kirsten,Sewell,419-283-0179,"1469 Davis Place"
Jenni,Salzer,301-983-6521,"3499 Lake Floyd Circle"
Bernie,Puffer,602-415-9048,"1144 Burnside Court"
Paul,Manzo,912-638-2940,"4391 Yorkie Lane"
Thomas,James,734-565-5200,"1863 Daylene Drive"
Gladys,Miller,925-307-6566,"572 Water Street"
Denise,Shanks,815-344-0451,"2663 Lowland Drive"
Nedra,Leveille,281-356-3159,"1413 Richland Avenue"
Janet,Lloyd,361-373-0747,"1608 Washington Street"
Ignacio,Hood,410-858-5767,"4961 Marie Street"
Susan,Miller,202-874-5569,"4322 School Street"
Judith,Dubay,775-664-8175,"3688 Martha Ellen Drive"
Mark,Woods,810-410-0896,"3113 Front Street"
Alex,Guerrero,337-202-8542,"1986 Sherwood Circle"
Roy,Lovett,802-524-0706,"3998 Duff Avenue"
Larry,Klein,908-707-8917,"4876 Hedge Street"
Dana,Paugh,213-944-1177,"216 Aviation Way"
Robert,Tibbetts,253-234-9853,"2920 Fort Street"
Genevieve,Whitty,559-248-5558,"4824 Edgewood Avenue"
Robert,Milliron,216-889-0526,"1115 Sunny Glen Lane"
Demetrius,Walters,734-321-4701,"4701 Lakeland Terrace"
Monica,Tejada,928-596-3270,"2414 Skips Lane"
Phyllis,Beltran,770-209-5152,"330 Fowler Avenue"
Dorothy,Perry,617-216-3733,"645 Kimberly Way"
Ryan,Thomas,270-521-4776,"3324 Harper Street"
Tracey,Lamkin,763-588-4186,"785 Hillcrest Circle"
Carla,Harris,781-910-6264,"1506 Hummingbird Way"
Christoper,Robinson,401-535-3304,"2727 Myra Street"
Thomas,White,208-850-3921,"3132 Modoc Alley"
Tatiana,Sherrod,803-999-8682,"176 Emily Drive"
Juan,Anderson,281-348-1004,"2948 Richland Avenue"
Lynn,Buckner,586-859-2059,"2305 Reppert Coal Road"
Michele,Deleon,319-466-2634,"4945 Bailey Drive"
Mildred,Bell,973-844-2826,"4053 Hilltop Haven Drive"
Eva,Hayes,619-892-3806,"3477 Ocello Street"
Howard,Bailey,419-470-7855,"2539 Cedarstone Drive"
Joseph,Swanson,586-431-7206,"2748 D Street"
Deborah,Miller,240-392-2090,"3407 Pine Tree Lane"
Donald,Bramlett,734-555-4331,"2809 Daylene Drive"
Annette,Hunter,952-235-9299,"2475 Murphy Court"
James,Bowen,504-239-5660,"1326 Rose Avenue"
Valerie,Sampley,615-851-4720,"4606 Buffalo Creek Road"
Sherry,Penney,620-653-7237,"3053 Oliverio Drive"
Amelia,Morgan,540-989-6156,"2169 Brooklyn Street"
Rene,Machin,347-887-8569,"1045 Redbud Drive"
Linda,Dunn,843-382-5482,"4522 Kessla Way"
Emily,Farrar,414-507-1027,"2206 Grant View Drive"
Linda,Montgomery,781-282-7607,"3331 Burke Street"
Helen,Harvey,217-754-0995,"2426 Scenic Way"
Catherine,Webster,217-588-4682,"1088 University Hill Road"
Robert,Miller,626-443-8216,"2149 Woodstock Drive"
Robert,Cansler,360-592-4577,"3808 Honeysuckle Lane"
Mark,Gartner,781-913-7223,"1995 Hummingbird Way"
Curt,Sauers,215-895-7857,"1281 Glen Falls Road"
Thomas,Ashcraft,802-702-8642,"3711 Selah Way"
Nora,Mahood,618-770-8380,"1859 Carter Street"
Karen,Crandall,417-466-5354,"2423 Twin House Lane"
Torrie,Williamson,309-534-3329,"1233 Trainer Avenue"
Patricia,Hinojosa,618-328-1645,"2708 Eagle Street"
William,Lipscomb,870-787-1214,"1458 Cedar Street"
Mark,Johnson,703-476-0979,"4346 Daffodil Lane"
Ellen,Blake,203-399-7186,"3054 Cheshire Road"
James,Graham,920-925-6177,"1669 Lynch Street"
Timothy,Harris,712-375-4912,"4670 Ashwood Drive"
David,Joseph,815-393-8465,"3770 Lowland Drive"
Loree,Jackson,409-385-4758,"4599 Brookview Drive"
Maria,Ingram,765-423-0180,"3710 Sugarfoot Lane"
Shane,Lazo,423-923-3042,"3035 Hershell Hollow Road"
Alvaro,Bayless,660-339-9730,"1084 Fairmont Avenue"
Robert,Cook,501-888-5078,"1815 Dawson Drive"
Angela,Heffernan,704-372-7692,"1484 Kooter Lane"
Merilyn,Kennedy,806-522-3489,"479 Charmaine Lane"
Lynn,Harbor,320-857-0879,"2143 Red Hawk Road"
Ivan,Harness,201-338-6497,"3796 Central Avenue"
Janis,Tribble,843-835-0606,"302 Broadway Street"
Marc,Little,937-429-4235,"2251 College Avenue"
Joann,Cobos,970-879-2670,"4086 Stark Hollow Road"
Sandra,Umberger,985-790-0772,"4372 Wood Street"
Richard,Medley,906-825-6629,"4538 Pinewood Avenue"
Johnny,Alsup,650-520-4309,"2787 Thunder Road"
Jeannine,Bradford,440-454-9277,"562 Vineyard Drive"
Allen,Chapman,256-361-0783,"2454 Turnpike Drive"
Ruby,Ennis,601-770-2287,"1717 School House Road"
Richard,Davis,209-735-3505,"2263 Freed Drive"
Chad,Anderson,973-954-8637,"4448 Hudson Street"
Steven,Moser,714-262-9223,"1819 Parkview Drive"
Laura,Macdonald,860-726-9877,"1781 Maxwell Street"
Charles,Nabors,828-228-1037,"3171 McVaney Road"
Shirley,Kellogg,813-579-7642,"4329 Saints Alley"
Gladys,Morgan,713-222-8470,"4726 Clousson Road"
Jon,Martinez,513-564-5778,"1981 Rogers Street"
Mary,Bad,208-383-4996,"4945 Poplar Chase Lane"
Jennifer,Simms,262-770-7312,"2359 Joseph Street"
Ben,Krause,302-536-4319,"3393 Callison Lane"
Lawrence,Estes,203-919-3209,"679 Bedford Street"
James,Kirkpatrick,985-222-3542,"3390 Swick Hill Street"
Christie,Mori,609-231-0369,"1720 Dark Hollow Road"
Amy,McClendon,608-443-0621,"3133 Lauren Drive"
Kimberly,Causby,973-452-1045,"3573 Granville Lane"
Robert,Hebert,702-643-9903,"2028 Hickory Ridge Drive"
William,Wyatt,912-385-8172,"2209 Lilac Lane"
Justin,Wood,812-452-9876,"4819 Lucy Lane"
Elizabeth,Dickerson,503-681-4987,"2522 Illinois Avenue"
Delena,Lopez,985-359-3700,"3698 Bassel Street"
Lester,Kenner,660-963-4171,"1927 Harvest Lane"
Pearl,Duarte,724-843-6471,"388 Platinum Drive"
David,Fraser,321-266-2365,"1901 Terry Lane"
Annie,Peacock,484-905-3583,"1958 Berkley Street"
Chris,Goree,248-687-3791,"308 Cunningham Court"
Dorothy,Goldstein,818-415-4608,"1215 Edsel Road"
Paul,Lucky,713-493-5262,"3162 Monroe Street"
Vina,Flores,216-453-0252,"4531 Peaceful Lane"
Anna,Munday,740-776-8927,"824 Viking Drive"
Theresa,Hersey,619-686-5075,"1810 Grim Avenue"
Shirley,Cheney,714-263-8922,"898 Parkview Drive"
Javier,Brown,561-747-4620,"2303 Mulberry Lane"
Ronald,Reeves,410-231-7943,"4334 Hamilton Drive"
Mariana,Craft,540-641-9268,"2461 White Pine Lane"
Karen,McGee,920-417-8605,"1759 Sycamore Lake Road"
Martha,Ruppe,205-785-6671,"2968 Petunia Way"
Jeffrey,Morrow,903-478-3184,"1011 Florence Street"
Keith,Kirby,301-983-7309,"4387 Lake Floyd Circle"
Arlene,Buser,651-732-8075,"3708 Laurel Lee"
Rebecca,Mosley,785-998-9871,"4737 Ridenour Street"
Doris,Crook,318-645-4228,"3207 Emerson Road"
Edward,Gray,781-422-7551,"4311 Romano Street"
Paul,Latham,336-338-1268,"3972 Havanna Street"
Eleanor,Dennis,216-483-4433,"887 Peaceful Lane"
Barbara,Rauch,626-628-3033,"4126 Nickel Road"
Rose,Peterson,806-684-3831,"4058 Smithfield Avenue"
Richard,Numbers,253-465-3191,"2253 Hillcrest Drive"
Jon,Graves,607-859-0224,"587 Browning Lane"
Mark,Wilson,734-362-1779,"119 Lakeland Terrace"
Chester,Washington,804-642-9684,"1379 Biddie Lane"
Shane,Sosebee,630-416-6078,"588 Hickman Street"
Julie,Juarez,605-843-7129,"262 Hartway Street"
Elaine,Summers,480-857-0801,"4086 Elmwood Avenue"
Bernadine,Charley,281-477-9646,"446 Candlelight Drive"
Florence,Miller,541-288-6016,"521 New Street"
John,Jones,309-272-2029,"1696 Apple Lane"
Samuel,Johnson,214-764-6672,"272 Carolyns Circle"
Kyle,Cortez,517-367-6430,"3788 Amethyst Drive"
Mildred,Purdy,315-381-2985,"499 Oak Street"
Chastity,Larochelle,419-346-1659,"4462 Olive Street"
Jesus,Gonzalez,770-688-9499,"2856 Pine Garden Lane"
Colin,Hammond,937-225-6482,"2200 Norma Avenue"
Vivian,Allen,989-278-1947,"2749 Hart Ridge Road"
Colin,Trimble,801-933-9279,"1810 Buck Drive"
Gabriel,Williams,702-368-3672,"4144 Mesa Drive"
Nola,Kellison,317-241-2843,"2560 Crestview Manor"
Tina,Pollack,248-712-6572,"4302 Cunningham Court"
Richard,Welch,484-351-4509,"85 Renwick Drive"
Stephanie,Menard,630-259-1983,"3058 Walkers Ridge Way"
Richard,Williams,740-363-3625,"4267 Robinson Lane"
Jennifer,Poole,713-990-0493,"3651 Parkview Drive"
Harold,Hodges,951-651-3321,"3205 Brown Bear Drive"
Lynda,Brown,434-352-3094,"3327 Worley Avenue"
Daniel,Jimenes,215-807-0174,"526 Tipple Road"
Ouida,Long,617-727-9439,"156 Valley View Drive"
Charles,Pratt,831-713-5557,"4878 Cemetery Street"
Jason,Lambert,701-212-1490,"1995 Sycamore Circle"
Alex,Mullins,914-559-2673,"585 Mount Tabor"
Victor,Phillips,301-441-4916,"1264 Cost Avenue"
Amanda,Lord,336-332-7260,"3305 Havanna Street"
Keith,Devaney,678-847-2381,"4192 Edington Drive"
Ronda,Lopez,323-231-7371,"4275 Rosemont Avenue"
Alisha,Butterworth,217-332-9457,"1395 Bolman Court"
Frances,Carter,608-467-2009,"1734 Lauren Drive"
Tamika,Hiatt,956-574-4607,"4592 Hemlock Lane"
Margaret,Permenter,909-884-4037,"1079 Roosevelt Wilson Lane"
Debra,Ingram,706-777-7896,"4318 Riverside Drive"
Hannah,Rogers,541-878-2041,"3743 Skinner Hollow Road"
John,Hamilton,920-758-0061,"3417 Reeves Street"
Georgia,Maynard,510-713-6789,"3823 Clifford Street"
Justin,Holman,304-225-3663,"1294 Tavern Place"
Santos,Davis,213-784-3637,"4756 Canis Heights Drive"
Shawn,Robbins,616-454-7875,"1664 Howard Street"
Shawn,Estes,650-720-1860,"4510 Rardin Drive"
Donald,Estrada,916-923-9178,"3853 Woodland Terrace"
John,Edwards,256-337-0055,"1718 Turnpike Drive"
Britt,Morrison,386-423-8590,"1419 Willis Avenue"
Harry,Earle,206-423-5692,"4437 University Street"
Judy,Colon,256-892-0927,"3850 New Creek Road"
Corinne,Freeman,254-717-8414,"3722 Clair Street"
Phyllis,Hesson,862-757-2481,"3352 Red Bud Lane"
Stanley,Barnard,630-509-4388,"2373 Hickman Street"
Timothy,Taunton,972-510-4719,"2224 Wilson Avenue"
Terry,Sanchez,256-276-8507,"2396 Ritter Street"
Robert,Tanner,740-219-7367,"3307 Bombardier Way"
Lawrence,Le,352-753-1493,"2223 Bagwell Avenue"
Beatrice,Fuentes,830-231-6099,"3030 Watson Lane"
Tamika,Scott,505-628-2208,"712 Bird Street"
Leonora,Santiago,570-858-4858,"4917 Simons Hollow Road"
Bernard,Thom,631-447-7331,"2545 Abia Martin Drive"
Lorenzo,Orr,312-601-7899,"1816 Patterson Fork Road"
David,Jenkins,409-884-6667,"3082 Lynn Ogden Lane"
Donald,Bush,218-790-0659,"3207 Eagle Lane"
Lindsey,Irvine,951-849-4628,"4264 Murphy Court"
Paula,Mauck,717-886-1602,"3027 Simpson Avenue"
Carl,Gordy,916-357-1132,"2027 Pearl Street"
Dylan,Llanas,626-450-6996,"1485 Woodstock Drive"
Jason,Scott,318-452-9304,"3887 August Lane"
Mary,Nicholson,818-831-0085,"650 Koontz Lane"
Theron,Diaz,267-583-0305,"1151 Spring Avenue"
Helen,Trombetta,903-593-3746,"2837 Thrash Trail"
Linda,Mort,817-764-5583,"3793 Moore Avenue"
Lyndon,Bostwick,931-328-2134,"950 McDowell Street"
Ralph,Page,425-770-8062,"703 Stockert Hollow Road"
Claude,Johnson,954-235-8073,"3617 Sycamore Fork Road"
Arthur,Lyons,502-405-3553,"3560 Cerullo Road"
Bill,Lowery,561-634-4167,"4280 Powder House Road"
Mildred,Thompson,913-387-9507,"2031 Better Street"
Deborah,Hess,408-640-7442,"622 Friendship Lane"
Glen,Flores,303-745-5985,"4300 Clearview Drive"
James,Dean,631-366-9058,"1841 Wayback Lane"
Rosa,Bobby,732-377-7208,"3117 Pennsylvania Avenue"
Pamela,Rollins,740-461-5511,"80 Irving Road"
Gary,Breshears,863-551-4306,"1682 Oakdale Avenue"
Robert,King,201-200-7841,"4247 Walnut Avenue"
Thomas,White,602-555-5776,"4825 Coplin Avenue"
Mary,Wright,770-299-8864,"1788 Fowler Avenue"
April,Campbell,908-824-3256,"4834 Beechwood Avenue"
John,Malone,618-973-8294,"3294 Davis Court"
James,Caskey,706-548-1934,"2265 Hart Country Lane"
Mary,Marchetti,313-862-7372,"2391 Wildrose Lane"
Aurea,Hoyt,870-479-1386,"881 Rosebud Avenue"
Paul,Lewis,862-215-9430,"4223 Red Bud Lane"
Sophie,Brown,615-591-9709,"156 Green Street"
Donald,Moen,414-384-9919,"3972 Grant View Drive"
Amy,Steele,847-587-0390,"4245 Vine Street"
Betty,Brown,715-435-1429,"3118 Abner Road"
Yoko,Beaupre,203-250-8442,"4478 Colony Street"
Laurel,Jones,734-551-7944,"4332 Daylene Drive"
Jasmine,Justus,443-312-2430,"3815 Five Points"
Anthony,Ducharme,626-905-0159,"3836 Providence Lane"
Bridget,Turcios,330-685-1397,"381 Wildwood Street"
Austin,Clay,650-239-5773,"3156 Ella Street"
Robert,Sidwell,317-632-3008,"4106 Stewart Street"
David,Greer,707-957-8604,"4454 Rose Street"
Angela,Cooper,540-406-1713,"4798 Jehovah Drive"
Willie,Kelley,612-821-3796,"203 Rocket Drive"
Lucille,Ito,812-948-1874,"3842 Bernardo Street"
Roy,Bradley,917-214-2592,"2432 Turkey Pen Road"
Maria,Paxton,615-771-1035,"583 Hidden Pond Road"
Janice,Steinke,917-494-3303,"3430 Geneva Street"
Ralph,Horn,541-568-6657,"1081 Haymond Rocks Road"
Carolyn,Snyder,828-554-2324,"3055 Diamond Street"
Edward,Young,956-778-0832,"3001 Adamsville Road"
Bonnie,Smith,573-834-8318,"1214 Mandan Road"
Aaron,Hicks,402-883-6498,"787 Bungalow Road"
Faith,Florence,920-288-0579,"2312 Hartland Avenue"
Bobby,King,978-946-3598,"2985 Russell Street"
Edward,Brown,319-626-2587,"3132 Pyramid Valley Road"
Vivian,Stephens,913-440-9134,"3530 Poe Lane"
Lawrence,Tatum,845-676-2694,"4828 Marshville Road"
Bruce,Wilker,757-860-4066,"4937 Tenmile"
Glenn,Wilson,605-883-6706,"2287 Leroy Lane"
Albert,Gordon,616-752-8144,"887 West Street"
John,Werner,602-739-4154,"270 Dogwood Road"
Kimberly,Clingerman,224-619-3160,"1152 Victoria Street"
Arthur,Barker,334-860-6302,"1198 Quarry Drive"
Christopher,Hutcheson,505-851-7810,"1106 Chapmans Lane"
Burma,Shuman,928-925-0733,"3260 Farm Meadow Drive"
Elsie,Horton,602-739-4318,"371 Dogwood Road"
Sarah,Munoz,209-632-1168,"2775 Freed Drive"
Jill,Hall,310-245-9471,"3308 Libby Street"
Roderick,Johnson,815-662-8354,"1565 Spinnaker Lane"
Joseph,Carter,956-344-4878,"3955 Jerome Avenue"
Lisa,Benally,413-478-1074,"609 Kinney Street"
Rebecca,Torres,765-744-3341,"1735 Winifred Way"
Edward,Montgomery,920-734-8644,"2656 Highland Drive"
Charles,Willis,620-968-6198,"1784 Preston Street"
Guadalupe,Cherry,321-844-2963,"2475 Rosemont Avenue"
Phillip,Shain,586-319-7943,"574 D Street"
Charlene,Lucius,325-998-9029,"605 Briarhill Lane"
Linda,Hunt,630-641-6792,"4725 Steele Street"
Michelle,Ward,805-683-5386,"1186 Creekside Lane"
Jessica,Harry,612-313-8231,"1149 Lodgeville Road"
Matthew,Colon,606-834-7329,"43 North Bend River Road"
Elia,Andres,614-837-7792,"621 Collins Avenue"
David,Garcia,920-878-2623,"2836 Reeves Street"
Cynthia,Bentley,914-612-4327,"3414 Taylor Street"
Virginia,Woodrum,808-782-6109,"689 Randall Drive"
Rosie,Rogers,607-286-9642,"2429 Cliffside Drive"
Teresa,Goff,217-957-5639,"2505 Little Acres Lane"
Lizabeth,Klink,703-933-0441,"454 Forest Drive"
Todd,Simmons,434-395-6409,"4318 Worley Avenue"
Jimmy,Santiago,717-540-5673,"1999 Saint James Drive"
Marvin,Buckner,510-520-5053,"2580 Lindale Avenue"
Jesse,Davis,863-353-8375,"4302 Tetrick Road"
Clifford,Cochran,630-857-6766,"2949 Lewis Street"
Thomas,Reade,903-481-5537,"64 Florence Street"
Marianne,Hill,580-480-2144,"3212 Cody Ridge Road"
Ashley,Gochenour,203-528-3084,"4243 Cook Hill Road"
Jacob,Wiggins,831-336-3075,"1337 Ventura Drive"
Oscar,Arriola,303-508-6925,"4985 Scheuvront Drive"
Cynthia,Harris,702-491-0357,"3808 Hall Street"
Frank,McLaurin,321-233-5794,"4703 Terry Lane"
Thomas,Reed,270-581-8204,"2001 Rowes Lane"
Kenneth,Vega,205-482-1770,"2690 Broad Street"
John,Catron,303-503-0757,"493 Scheuvront Drive"
Bernice,Jone,312-435-8677,"1875 West Drive"
Roxanne,Jensen,360-532-6162,"4746 Honeysuckle Lane"
Donna,Putnam,801-859-5477,"3455 Kemper Lane"
Anna,Bjork,404-963-6093,"2560 Musgrave Street"
Calvin,Robertson,312-881-8841,"3798 Tator Patch Road"
Tracey,Garcia,515-570-0177,"2745 Nutters Barn Lane"
Jaqueline,Herring,208-595-8963,"1400 Science Center Drive"
Carl,Hawk,252-335-9236,"639 Yorkshire Circle"
Natalie,Norton,209-764-6694,"209 Freed Drive"
Robert,Walsh,202-523-9026,"1132 Hickory Lane"
Frank,Plank,317-846-1402,"3591 Birch Street"
Mary,Elliott,559-875-5992,"62 Half and Half Drive"
Roxanne,Davis,817-684-9503,"4025 Sardis Sta"
William,Spencer,404-262-8021,"3716 Post Farm Road"
Lauren,Barger,505-406-9592,"1183 Waterview Lane"
Patricia,Jones,202-635-8876,"2969 Goldcliff Circle"
Ron,Birt,407-738-1616,"1860 Grand Avenue"
Carolina,Hogg,912-443-9705,"1417 Lilac Lane"
Stephanie,Delgado,661-517-0338,"4153 Lowndes Hill Park Road"
Clara,Dinh,703-251-0552,"1778 Lawman Avenue"
Jennifer,Eldridge,315-651-0648,"563 Confederate Drive"
Bobbie,Dennis,212-673-5977,"1433 Oakwood Avenue"
Joanna,Anderson,608-281-3976,"4753 Comfort Court"
Robert,Ward,216-583-5449,"1898 Parker Drive"
Anna,Madsen,903-788-0629,"2692 Hall Place"
James,Hamman,512-482-7785,"1511 Ashton Lane"
William,Johnson,708-860-7314,"1702 John Calvin Drive"
Judy,Duncan,510-482-3583,"4281 Thompson Drive"
Candy,Carr,407-851-8532,"4661 McDonald Avenue"
Brenda,Ackley,870-829-2562,"2583 Cedar Street"
Mozell,Hyatt,803-348-3549,"4252 Wexford Way"
Elroy,Paulson,580-430-9925,"1979 Cody Ridge Road"
Raymond,Unruh,504-602-2486,"1198 Big Indian"
Robert,Johnston,716-804-4914,"4714 Bottom Lane"
Louise,Clark,270-868-3740,"4040 Crosswind Drive"
Joseph,Ferris,859-814-8550,"277 Mayo Street"
Roy,Horton,850-948-4939,"757 American Drive"
Emily,Williams,312-260-2364,"3550 Cecil Street"
Samuel,Parker,573-270-1935,"2017 Penn Street"
Katrina,Burpo,410-941-5466,"1904 Marie Street"
George,Lewis,713-618-5876,"1001 Gore Street"
Christopher,Smith,801-852-7908,"3239 Kemper Lane"
Barbara,Sutton,786-262-0474,"4129 Ridenour Street"
Madeline,Jenkins,706-806-2001,"98 Riverside Drive"
